{"cameraMode":{"drawMode":0,"name":"Shaded","section":"Shading Mode"},"sceneLighting":true,"audioPlay":false,"sceneViewState":{"showFog":true,"showMaterialUpdate":false,"showSkybox":true,"showFlares":true,"showImageEffects":true,"showParticleSystems":true,"showVisualEffectGraphs":true,"m_FxEnabled":true},"in2DMode":false,"pivot":{"x":2.2674825191497804,"y":0.6292687654495239,"z":5.361968517303467},"rotation":{"x":0.229221373796463,"y":0.017823824658989908,"z":-0.004186051432043314,"w":0.9732266068458557},"size":9.013482093811036,"orthographic":false}