{"cameraMode":{"drawMode":0,"name":"Shaded","section":"Shading Mode"},"sceneLighting":true,"audioPlay":false,"sceneViewState":{"showFog":true,"showMaterialUpdate":false,"showSkybox":true,"showFlares":true,"showImageEffects":true,"showParticleSystems":true,"showVisualEffectGraphs":true,"m_FxEnabled":true},"in2DMode":false,"pivot":{"x":-4.345552921295166,"y":1.6444449424743653,"z":0.11043119430541992},"rotation":{"x":-0.08374181389808655,"y":-0.4365743398666382,"z":0.04085284844040871,"w":-0.8948408961296082},"size":3.0350613594055177,"orthographic":false}