{"cameraMode":{"drawMode":0,"name":"Shaded","section":"Shading Mode"},"sceneLighting":true,"audioPlay":false,"sceneViewState":{"showFog":true,"showMaterialUpdate":false,"showSkybox":true,"showFlares":true,"showImageEffects":true,"showParticleSystems":true,"showVisualEffectGraphs":true,"m_FxEnabled":true},"in2DMode":false,"pivot":{"x":-1.7313714027404786,"y":4.248085975646973,"z":-3.512326240539551},"rotation":{"x":-0.14083918929100038,"y":-0.003864363068714738,"z":0.0005472940974868834,"w":-0.9900283217430115},"size":2.223585605621338,"orthographic":false}